Lexème,Chapitre,Glose française,Note
Ἀβραάμ,1,Abraham,
Δαυίδ,1,David,
Ἡρῴδης,1,Hérode,
Ἰάκωβος,1,Jacques,
Ἰησοῦς,1,"Jésus, Josué",
Ἰούδας,1,"Judah, Judas",
Ἰσραήλ,1,Israël,
Ἰωάνης (Ἰωάννης),1,Jean,
Ἰωσήφ,1,Joseph,
Παῦλος,1,Paul,
Πέτρος,1,Pierre,
Πιλᾶτος,1,Pilate,
Σίμων,1,Simon,
Φίλιππος,1,Philippe,
Χριστός,1,"Christ, Messie",
"ἄγγελος, -ου, ὁ",2,"messager, ange",
"ἄνθρωπος, -ου, ὁ",2,"humain, personne, homme",
"ἀπόστολος, -ου, ὁ",2,apôtre,
"αὐτός, -ή, -ό",2,il; fém. elle,
"δοῦλος, -ου, ὁ",2,esclave,
ἐγώ,2,je,
εἶ,2,tu es,
εἰμί,2,être; je suis,
ἐστίν,2,il/elle est,
"Μωϋσῆς, -έως, ὁ",2,Moïse,
"οὐ, οὐκ, οὐχ",2,"non, ne... pas",
σύ,2,tu,
"Φαρισαῖος, -ου, ὁ",2,pharisien,
"ἀδελφός, -οῦ, ὁ",3,frère,
αὐτοί,3,ils,
"διδάσκαλος, -ου, ὁ",3,"enseignant, professeur, maître",
εἰσίν,3,ils/elles sont,
ἐσμέν,3,nous sommes,
ἐστέ,3,vous êtes,
ἡμεῖς,3,nous,
"θεός, -οῦ, ὁ",3,"dieu, Dieu",
καί,3,"et, aussi, même, mais",
"κύριος, -ου, ὁ",3,"seigneur, maître",
"λόγος, -ου, ὁ",3,"mot, parole, discours",
"ὁ, ἡ, τό",3,le; fém. la; pl. les,
"υἱός, -οῦ, ὁ",3,"fils, descendant",
ὑμεῖς,3,vous,
"ἀγάπη, -ης, ἡ",4,amour,
"ἀλήθεια, -ας, ἡ",4,vérité,
"ἀρνίον, -ου, τό",4,"agneau, mouton",
"ἀρχή, -ῆς, ἡ",4,"début, commencement",
"γυνή, -αικός, ἡ",4,"femme, épouse; pl. γυναῖκες",
"δαιμόνιον, -ου, τό",4,démon,
"ζωή, -ῆς, ἡ",4,vie,
"μήτηρ, μητρός, ἡ",4,mère; pl. μητέρες,
"πατήρ, πατρός, ὁ",4,"père, ancêtre; pl. πατέρες",
"τέκνον, -ου, τό",4,enfant,
ἐκεῖ,5,"là, là-bas",
θαυμάζω,5,"s'étonner, admirer",
καθίζω,5,"s’asseoir, faire asseoir",
κλαίω,5,pleurer,La racine de κλαίω est *κλαϝ. Dans certains autres temps (ex. l'aoriste) le radical est κλαυ.
κράζω,5,"crier, s'écrier",La vraie racine de κράζω est *κραγ.
πάσχω,5,souffrir (2e aoriste ἔπαθον),
περισσεύω,5,abonder; être de reste,
πιστεύω,5,"croire en, avoir foi en, faire confiance",
ὑπάρχω,5,"être, exister",
ὧδε,5,ici,
βαπτίζω,6,"immerger, baptiser",
βλέπω,6,"voir, regarder",
διώκω,6,"poursuivre, chasser, persécuter",
θεραπεύω,6,"soigner, guérir",
λύω,6,"délier, détacher, détruire",
με,6,me (l'accusatif de ἐγώ; aussi ἐμέ),
πείθω,6,"persuader, convaincre",
πέμπω,6,envoyer,
σε,6,te (l'accusatif de σύ),
σῴζω,6,sauver,
ἀγοράζω,7,acheter,
ἀκούω,7,"entendre, écouter, obéir",
"βιβλίον, -ου, τό",7,"rouleau, livre, document",
δοξάζω,7,glorifier,
εὑρίσκω,7,"trouver, découvrir (2e aoriste εὗρον)",
"θηρίον, -ου, τό",7,"animal, bête",
"μνημεῖον, -ου, τό",7,"tombe, monument",
"παιδίον, -ου, τό",7,(jeune) enfant,
"πρόβατον, -ου, τό",7,mouton,
"φωνή, -ης, ἡ",7,"son, voix",
"ἄρτος, -ου, ὁ",8,"pain, miche de pain",
ἐσθίω,8,manger (2e aoriste ἔφαγον),
ἑτοιμάζω,8,préparer,
"ἱερόν, -οῦ, τό",8,temple,
καθαρίζω,8,"purifier, nettoyer",
"καρπός, -οῦ, ὁ",8,fruit,
λέγω,8,"dire, parler (2e aoriste εἶπον)",
"οἰκία, -ας, ἡ",8,"maison, maisonée",
"πλοῖον, -ου, τό",8,"bateau, barque",
φυλάσσω,8,"garder, surveiller, protéger",
"ἀγαθός, -ή, -όν",9,"bon, utile",
"ἅγιος, -ία, -ον",9,"saint, pur, sacré, consacré",
"ἄλλος, -η, -ο",9,"autre, un autre",
"καλός, -ή, -όν",9,"beau, bon",
καλῶς,9,bien,
νῦν,9,"maintenant, à présent",
"ὅμοιος, -οία, -οιον",9,"semblable, de même nature",
ὁμοίως,9,"de même, pareillement, de la même façon",
πάλιν,9,"de nouveau, encore",
ὡς,9,"comme, que, de sorte que, environ, quand, après",
"ἀπό (ἀπ', ἀφ')",10,"gén. de, depuis, d'auprès de, à partir de, à cause de",
"βασιλεία, -ας, ἡ",10,"royaume, règne",
"γῆ, -ῆς, ἡ",10,"terre, sol, pays, région",
εἰς,10,"acc. dans, vers",
ἐκ (ἐξ),10,"gén. de, hors de",
ἐν,10,"dat. dans, en, sur, parmi",
πρό,10,"gén. avant, devant",
πρός,10,"acc. à, vers, en direction de, auprès de",
σύν,10,dat. avec,
"τόπος, -ου, ὁ",10,"lieu, endroit, place",
"ἀγαπητός, -ή, -όν",11,"aimé, bienaimé",
ἀπολύω,11,"libérer, relâcher, renvoyer, divorcer",
δέ (δ'),11,"conj. postpos. mais, et, puis, or, alors","Le mot δέ est « postposé ». Comme certains autres conjonctions, il vient normalement en deuxième position dans la proposition, parfois en troisième position."
διδάσκω,11,"enseigner, instruire",
"δίκαιος, -αία, -ον",11,juste,
ἔτι,11,"encore, toujours, jusqu'à maintenant",
μή,11,"non, ne... pas","La négation μή a plus ou moins le même sens que οὐ, mais s'utilise normalement avec les verbes non indicatifs (ex. impératif, infinitif, participe, subjonctif)."
οὐκέτι,11,"ne... plus, plus (du tout)",
πειράζω,11,"tenter, essayer, tester, mettre à l'épreuve",
"ποτήριον, -ου, τό",11,coupe,
"καρδία, -ας, ἡ",12,cœur,
"κεφαλή, -ῆς, ἡ",12,tête,
"κόσμος, ου, ὁ",12,"monde, univers",
"λαός, -οῦ, ὁ",12,"peuple, nation",
"ὄχλος, -ου, ὁ",12,foule,
"πρόσωπον, -ου, τό",12,"face, visage",
"Ἰουδαῖος, -αία, -αῖον",13,juif,
"νεκρός, -ά, -όν",13,mort,
"ὅλος, -η, -ον",13,"tout, entier","L'adjectif ὅλος, -η, -ον ne suit pas normalement les constructions normales de l'adjectif attributif, car on le voit souvent sans article, même quand le nom qu'il modifie est défini (ex. εἰς ὅλην τὴν γῆν « dans toute la terre » ou ἡ πόλις ὅλη « toute la ville »)."
οὕτως,13,"ainsi, de cette façon, de même",
πάντοτε,13,toujours,
τότε,13,"alors, à ce temps, à cette époque",
αἰτέω,14,demander,
ζητέω,14,chercher,
καλέω,14,"appeler, inviter","À l'aoriste, καλέω a la forme ἐκάλεσα (sans l'allongement de la voyelle), et non ἐκαλήσα."
λαλέω,14,"parler, dire, adresser",
περιπατέω,14,"marcher, se promener",
ποιέω,14,"faire, agir",
τηρέω,14,"garder, conserver",
φωνέω,14,"parler haut, crier, appeler",
δεῖ,15,"il faut, il convient, il est nécessaire",
δέω,15,"lier, attacher",
δοκέω,15,"penser, sembler, paraitre (bon)",
ἔξεστιν,15,il est permis,
θέλω,15,"vouloir, désirer",
κατοικέω,15,habiter,
μέλλω,15,"être sur le point de, avoir l'intention de",
"μόνος, -η, -ον",15,"seul, unique; neut. comme adv. seulement",
"οἶκος, -ου, ὁ",15,"maison, maisonnée",
προσκυνέω,15,"compl. au dat. se prosterner, adorer",
διά,16,"gén. à travers, par, au moyen de; acc. à cause de, grâce à",
διακονέω,16,servir,
εὐλογέω,16,bénir,
εὐχαριστέω,16,"remercier, rendre grâce",
κατά,16,"gén. vers le bas, contre; acc. selon",
κρατέω,16,"saisir, tenir fermement, arrêter",
μαρτυρέω,16,témoigner,
μετά,16,gén. avec; acc. après,
περί,16,"gén. à propos de; acc. autour de, approximativement",
ὑπό,16,"gén. par; acc. sous, dessous",
ἄν,17,(particule sans traduction introduisant une nuance dubitative ou conditionnelle),
ἐάν,17,si; (parfois à la place de ἄν et sans traduction),εἰ + ἄν.
εἰ,17,si,
ἕως,17,"jusqu'à, tant que",
ἵνα,17,"que, pour que, afin que",
κἀγώ,17,et je,καί + ἐγώ.
ὅταν,17,"quand, n'importe quand, à tout moment",ὅτε + ἄν.
ὅτε,17,"quand, lorsque, alors que",
"ὄνομα, -ατος, τό",18,"nom, réputation",
"πνεῦμα, -ατος, τό",18,"souffle, vent, esprit",
"σάρξ, σαρκός, ἡ",18,"chair, viande",
"σῶμα, -ατος, τό",18,corps,
"ὕδωρ, -ατος, τό",18,eau,
"χάρις, -ιτος, ἡ",18,"grâce, faveur",
"βασιλεύς, -έως, ὁ",19,roi,
"γραμματεύς, -έως, ὁ",19,scribe,
"ἔθνος, -ους, τό",19,"nation, peuple; pl. non-juifs, gentils",
"ὄρος, -ους, τό",19,"mont, montagne",
"πίστις, -εως, ἡ",19,"foi, confiance, fidélité",
"πόλις, -εως, ἡ",19,"ville, cité",
δύο,20,deux,
δώδεκα,20,douze,δύο + δέκα (2 + 10).
"εἷς, μία, ἕν",20,un,
ἑπτά,20,sept,
"μέγας, μεγάλη, μέγα",20,"grand, gros, fort",
"πᾶς, πᾶσα, πᾶν",20,sg. chaque; pl. tout,
πέντε,20,cinq,
"πολύς, πολλή, πολύ",20,"nombreux, plusieurs, beaucoup",
"τέσσαρες, τέσσαρα",20,quatre,
"τρεῖς, τρία",20,trois,
"αἰών, -ῶνος, ὁ",21,"ère, période, temps long, éternité",
"ἀνάστασις, -εως, ἡ",21,résurrection,
ἐνώπιον,21,"gén. devant, en présence de",
ἐπί,21,"gén. sur, par-dessus, quand; dat. à, sur, sur la base de; acc. sur, à, contre",
"κρίσις, -εως, ἡ",21,"jugement, décision",
"μέλος, -ους, τό",21,"membre, partie du corps",
"μηδείς, μηδεμία, μηδέν",21,"aucun, personne, rien",
"οὐδείς, οὐδεμία, οὐδέν",21,"aucun, personne, rien",
"τέλος, -ους, τό",21,"but, fin",
φοβέω,21,"pass. avoir peur, être effrayé","Ce mot se trouve seulement au passif dans le Nouveau Testament. L'actif du verbe, qu'on trouve ailleurs, veut dire « effrayer, mettre en fuite »."
"ἁμαρτία, -ας, ἡ",22,péché,
"ἀνήρ, ἀνδρός, ὁ",22,"homme, mari",
"ἐλπίς, ἐλπίδος, ἡ",22,"espoir, espérance",
"ἔργον, -ου, τό",22,"œuvre, action, travail",
"θλῖψις, -εως, ἡ",22,"souffrance, tribulation",
"μέρος, -ους, τό",22,"part, partie, lot",
"οὐρανός, -ου, ὁ",22,ciel,
παρά,22,"gén. de, d'auprès de; dat. à côté de, dans la présence de; acc. le long de, au bord de",
"πῦρ, πυρός, ὁ",22,feu,
ὑπέρ,22,"gén. pour, dans l’intérêt de; acc. au-dessus de",
ἀποκρίνομαι,23,répondre,L'aoriste du mot ἀποκρίνομαι est normalement au passif (ex. ἀπεκρίθην) sans différence de sens.
ἀρνέομαι,23,"nier, renier, refuser","Notez que ἀρνέομαι est un verbe contracte. Comme pour les autres verbes contractes (ex. καλέω), la forme lexicale est artificielle. La vraie forme de la première personne du singulier est ἀρνοῦμαι (ἀρνε + ο + μαι)."
ἀσπάζομαι,23,saluer,
βούλομαι,23,"souhaiter, vouloir, planifier, avoir l’intention de",
δέχομαι,23,"recevoir, accueillir",
δύναμαι,23,"pouvoir, être capable",
ἐκπορεύομαι,23,"sortir, aller",
ἐργάζομαι,23,"travailler, produire, faire",
πορεύομαι,23,aller,
προσεύχομαι,23,prier,
"δόξα, -ης, ἡ",24,"gloire, honneur",
ἤδη,24,"déjà, maintenant",
"ἡμέρα, -ας, ἡ",24,jour,
"θάνατος, -ου, ὁ",24,mort,
κάθημαι,24,"être assis, s’asseoir, demeurer",
λογίζομαι,24,"calculer, considérer",
"νόμος, -ου, ὁ",24,loi,
σήμερον,24,aujourd'hui,
"χείρ, χειρός, ἡ",24,main,
"ὥρα, -ας, ἡ",24,"heure, moment",
ἄγω,25,"conduire, guider, amener (2e aoriste ἤγαγον)",
ἀποθνῄσκω,25,mourir (2e aoriste ἀπέθανον),
βάλλω,25,"jeter, lancer (2e aoriste ἔβαλον)",
γίνομαι,25,"devenir, être, arriver, se produire (2e aoriste ἐγενόμην)","Le verbe γίνομαι dans le sens « devenir » est comme ἐστίν, car il lie un sujet au nominatif avec un complément prédicatif au nominatif."
γινώσκω,25,"savoir, connaître (2e aoriste ἔγνων)",
ἔρχομαι,25,"venir, aller (2e aoriste ἦλθον)",
ἔχω,25,"avoir, posséder (2e aoriste ἔσχον)",
λαμβάνω,25,"prendre, recevoir (2e aoriste ἔλαβον)",
"ὀφθαλμός, -οῦ, ὁ",25,œil,
"πούς, ποδός, ὁ",25,pied,
ἀμήν,26,"amen, véritablement, en vérité",
γράφω,26,"écrire, inscrire",
εἰσέρχομαι,26,entrer,
ἐξέρχομαι,26,sortir,
"ἐξουσία, -ας, ἡ",26,"autorité, pouvoir",
ἤ,26,"ou, (plus) que, (plutôt) que",
ἄρχω,27,actif régner (sur); moyen commencer,
"δικαιοσύνη, -ης, ἡ",27,justice,
"μαθητής, -οῦ, ὁ",27,disciple,
"ὁδός, -οῦ, ἡ",27,"chemin, route",
πίπτω,27,tomber (2e aoriste ἔπεσον),
"προφήτης, -ου, ὁ",27,prophète,
ἀποστέλλω,28,envoyer,"Pour les parties principales de ἀποστέλλω, voir l'annexe \ref{principal-parts}."
"δεύτερος, -α, -ον",28,"deuxième, second",
ἐγείρω,28,"(se) réveiller, relever, susciter, ressusciter",
κρίνω,28,"juger, décider",
μένω,28,"rester, demeurer",
μετανοέω,28,se repentir,
"πρῶτος, -η, -ον",28,premier; neut. sg. comme adv. premièrement,
"τρίτος, -η, -ον",28,troisième,
"ἐκεῖνος, -η, -ο",29,"cela, celui-là, celle-là, ce, cet, cette",
"οὗτος, αὕτη, τοῦτο",29,"ceci, celui-ci, celle-ci, ce, cet, cette",
ποῦ,29,ou ?,
πῶς,29,comment ?,
ὑπάγω,29,partir,
"ψυχή, -ῆς, ὁ",29,âme,
ἀλλά,30,mais,
ἀλλήλων,30,"l’un l’autre, les uns les autres",
"διδαχή, -ῆς, ἡ",30,enseignement,
"ἑαυτοῦ, -ῆς, -οῦ",30,"lui-même, elle-même",
"ἐμαυτοῦ, -ῆς",30,moi-même,
ἰδού,30,"interj. voici, voilà, voyez, regardez",
"σεαυτοῦ, -ῆς",30,toi-même,
"γλῶσσα, -ας, ἡ",31,"langue, langage",
ἔμπροσθεν,31,"gén. devant, en avant, en présence de",
ἔξω,31,"gén. hors de, en dehors; adv. dehors",
"τις, τι",31,"quelqu’un, quelque chose, une certaine personne/chose, n’importe qui, n’importe quoi",
"τίς, τί",31,"qui ?, que ?, quoi ?, pourquoi ?",
"τοιοῦτος, -αύτη, -οῦτον",31,"tel, de tel genre",
"χρόνος, -ου, ὁ",31,temps,
εὐαγγελίζω,32,"act. et moy. évangéliser, annoncer une bonne nouvelle, annoncer en bonne nouvelle",
"ἴδιος, -ία, -ον",32,"propre, personnel, particulier, sien",
καθώς,32,"comme, de même que, comment, selon",
κηρύσσω,32,"proclamer, prêcher",
ὅτι,32,"que, parce que",
"πιστός, -ή, -όν",32,"fidèle, croyant, sûr, véritable",
ἀπέρχομαι,33,partir,
ἀποδίδωμι,33,"payer, rendre; moy. vendre",
δίδωμι,33,"donner, confier",
"ἱμάτιον, -ου, τό",33,"vêtement, manteau, pardessus",
"καιρός, -οῦ, ὁ",33,"temps, saison",
παραδίδωμι,33,"livrer, confier",
προσέρχομαι,33,"venir, s'approcher",
"ῥῆμα, -ματος, τό",33,"mot, parole; hébraïsme affaire, chose, évènement",
ἀνοίγω,34,ouvrir,
"δεξιός, -ά, -όν",34,"droit, à droite, main droite",
"θέλημα, -ματος, τό",34,"volonté, désir",
"θρόνος, -ου, ὁ",34,"siège, trône",
"πρεσβύτερος, -α, -ον",34,"adj. (plus) ancien; subst. ancien, vieil homme","Πρεσβύτερος est la forme comparative de πρέσβυς. Pour le comparatif, voir le chapitre 39."
"σοφία, -ας, ἡ",34,sagesse,
ἅπτω,35,allumer; moy. avec compl. au gén. toucher,
"γενεά, -ᾶς, ἡ",35,"génération, époque",
ἐγγύς,35,"adv. proche, près; prép. + gén. près de",
"Ἰουδαία, -ας, ἡ",35,Judée,
"λίθος, -ου, ὁ",35,pierre,
ὀπίσω,35,"gén. après, derrière",
"σπέρμα, -ατος, τό",35,"semence, descendance",
"συναγωγή, -ῆς, ἡ",35,synagogue,
"χαρά, -ᾶς, ἡ",35,joie,
"χρεία, -ας, ἡ",35,"besoin, necessité",
"ἁμαρτωλός, -όν",36,pécheur,
ἄρα,36,"alors, donc, ainsi, par conséquent",
διό,36,"c'est pourquoi, donc",
"ἐπιθυμία, -ας, ἡ",36,"désir, passion, convoitise",
"ἔρημος, -ον",36,"adj. désert, déserté; subst. fém. ἡ ἔρημος désert",
"ἔσχατος, -η, -ον",36,dernier,
"οἶνος, -ου, ὁ",36,vin,
"οὖς, ὠτός, τό",36,oreille,
"τιμή, -ῆς, ἡ",36,"prix, valeur, honneur",
χωρίς,36,"gén. sans, à part de",
"ἄρχων, -οντος, ὁ",37,"chef, guide, dirigeant",
γάρ,37,"conj. postpos. car, en effet, donc",
"μαρτυρία, -ας, ἡ",37,témoignage,
μέν,37,"part. postpos. d’une part, certes",
μηδέ,37,et ne… pas; ni; ne pas… même,
μήτε,37,et ne… pas,
οὐδέ,37,"et ne... pas, ni",
οὖν,37,"conj. et part. postpos. donc, par conséquent",
οὔτε,37,"et ne... pas, ni",
τέ,37,conj. postpos. et; τέ... καί à la fois,
αἴρω,38,"lever, enlever, emporter",
ἀπαγγέλλω,38,"informer, annoncer",
ἀποκτείνω,38,"tuer, mettre à mort",
ἐκβάλλω,38,"jeter dehors, expulser, chasser",
παραγγέλλω,38,ordonner,
παραλαμβάνω,38,"recevoir, emmener (2e aoriste παρέλαβον)",
πίνω,38,boire (2e aoriste ἔπιον),"Au futur, le verbe πίνω a un radical distinct (πι-) qui n'est pas liquide, même si le radical du présent laisse supposer que oui. Comme d'autres verbes, la forme de πίνω au futur est moyenne, sans différence de sens."
σπείρω,38,semer,
ὑποτάσσω,38,soumettre,
φαίνω,38,"briller; pass. paraître, apparaître",
"Γαλιλαία, -ας, ἡ",39,Galilée,
"διακονία, -ας, ἡ",39,"service, ministère",
"θύρα, -ας, ἡ",39,porte,
"λοιπός, -ή, -όν",39,"restant, qui reste, autre",
μᾶλλον,39,"plus, davantage",
"μέσος, -η, -ον",39,"milieu, au milieu, parmi",
"ὀλίγος, -η, -ον",39,"peu, petit nombre",
ὅπου,39,"où, là où",
"ὅς, ἥ, ὅ",39,"qui, que, quoi",
"ὅστις, ἥτις, ὅ τι",39,"qui, lequel, laquelle, quel qu’il soit",
ἁμαρτάνω,40,"pécher, faire mal (2e aoriste ἥμαρτον)","Le verbe ἁμαρτάνω semble être un verbe liquide, mais sa racine est *αμαρτ; \cite[305]{mounce1994}. Dans le Nouveau Testament, le futur parait une fois sous la forme ἁμαρτήσει (Matt 18.21). Dans la Septante, le futur a souvent la forme moyenne ἁμαρτήσομαι."
"ἄξιος, -ία, -ον",40,digne,
"ἥλιος, -ου, ὁ",40,soleil,
"μάρτυς, μάρτυρος, ὁ",40,témoin; (plus tard) martyr,
"μικρός, -ά, -όν",40,"peu, petit, petite quantité",
"ναός, -οῦ, ὁ",40,"temple, sanctuaire",
"ὅσος, -η, -ον",40,"combien, autant que, aussi grand que; pl. tous ceux qui",
οὐαί,40,"interj. hélas, malheur",
ὀφείλω,40,"devoir, avoir une dette",
ὥστε,40,"si bien que, afin que, en conséquence",
ἀναγινώσκω,41,lire (normalement à voix haute),
"διάβολος, -ον",41,"accusateur, médisant; subst. le diable",
"δύναμις, -εως, ἡ",41,"pouvoir, force",
εἴτε,41,si; εἴτε... εἴτε soit... soit,
ἐπιστρέφω,41,"se (re)tourner, se convertir, (re)tourner",
"ἱκανός, -ή, -όν",41,"suffisant, capable de, beaucoup",
οἶδα,41,"savoir, connaître, comprendre",
"προσευχή, -ῆς, ἡ",41,prière,
"σατανᾶς, -ᾶ, ὁ",41,"adversaire, Satan (aussi indécl. ὁ σατάν)",
ὑποστρέφω,41,"retourner, revenir",
"ἀγρός, -οῦ, ὁ",42,"champ, ferme, campagne",
ἀκολουθέω,42,suivre,
"ἅπας, -ασα, -αν",42,tout,
ἄχρι,42,gén. jusqu'à,
θεωρέω,42,"regarder, observer, contempler",
"ὀργή, -ῆς, ἡ",42,"colère, fureur",
παρακαλέω,42,"exhorter, demander, conforter, encourager",
"περιτομή, -ῆς, ἡ",42,circoncision,
πλήν,42,"néanmoins, cependant, excepté, mais",
"πτωχός, -ή, -όν",42,pauvre,
"ἀκάθαρτος, -ον",43,"impur, souillé",
"ἄνεμος, -ου, ὁ",43,vent,
"δυνατός, -ή, -όν",43,"capable, puissant",
"ἐπαγγελία, -ας, ἡ",43,promesse,
"ἐχθρός, -ά, -όν",43,"detesté, hostile; subst. ennemi",
μισέω,43,"haïr, détester",
οἰκοδομέω,43,"bâtir, construire, édifier",
ὅπως,43,"pour que, afin que",
"ὑπομονή, -ῆς, ἡ",43,"patience, persévérance",
ὥσπερ,43,"comme, de même que",
ἀγαπάω,44,aimer,
γεννάω,44,"engendrer, donner naissance",
δικαιόω,44,"justifier, regarder comme juste",
ζάω,44,vivre,
ναί,44,"oui, bien sûr",
ὁράω,44,"voir, constater (2e aoriste εἶδον)",
οὐχί,44,"non, nullement, ne... pas",
πληρόω,44,"remplir, combler, accomplir",
σταυρόω,44,crucifier,
φανερόω,44,"manifester, révéler, faire savoir",
"ἕκαστος, -η, -ον",45,chaque,
"ἐκκλησία, -ας, ἡ",45,"assemblée, église",
"ἕτερος, -α, -ον",45,"autre, différent",
"θάλασσα, -ας, ἡ",45,"mer, lac",
"πονηρός, -ά, -όν",45,"méchant, mauvais, vil",
"στόμα, στόματος, τό",45,bouche,
"ἀρχιερεύς, -έως, ὁ",46,grand prêtre,
βλασφημέω,46,"blasphémer, calomnier, injurier",
ἐλπίζω,46,espérer,
"εὐθύς, -εῖα, -ύ",46,"droit, direct, correct; masc. comme adv. immédiatement, aussitôt",
"ἱερεύς, -έως, ὁ",46,prêtre,
χαίρω,46,se réjouir,
"αἷμα, αἵματος, τό",47,sang,
ἀναβαίνω,47,monter,
ἄρτι,47,"maintenant, à l'instant",
"εἰρήνη, -ης, ἡ",47,paix,
"εὐαγγέλιον, -ου, τό",47,"bonne nouvelle, Évangile",
καταβαίνω,47,descendre,
προσφέρω,47,"offrir, présenter (2e aoriste προσήνεγκον)",
φέρω,47,"porter, apporter (2e aoriste ἤνεγκα)",
ἀνίστημι,48,"intrans. se lever, s’élever; trans. élever, ressusciter",
ἀπόλλυμι,48,"perdre, détruire",
ἀφίημι,48,"laisser, renvoyer, pardonner",
δείκνυμι,48,montrer,
ἐπιτίθημι,48,"mettre sur, imposer, placer",
ἵστημι,48,intrans. se tenir (debout); trans. faire tenir debout,
παρίστημι,48,"intrans. être présent; trans. présenter, placer à côté",
"ποῖος, -α, -ον",48,"quel ?, de quel espèce/sorte ?",
τίθημι,48,"placer, mettre",
φημί,48,"dire, déclarer (2e aoriste ἔφη)",
"αἰώνιος, -ον",49,"éternel, sans fin",
"ἐμός, -ή, -όν",49,"mon, mien",
"ἐντολή, -ῆς, ἡ",49,"ordre, commandement",
"κακός, -ή, -όν",49,"mauvais, méchant",
"μακάριος, -ία, -ιον",49,"béni, heureux, bienheureux",
"νύξ, νυκτός, ἡ",49,nuit,
"σάββατον, -ου, τό",49,sabbat,
"σημεῖον, -ου, τό",49,"signe, miracle",
"τυφλός, -ή, -όν",49,aveugle,
"φῶς, φωτός, τό",49,lumière,
"γραφή, -ῆς, ἡ",50,"écrit, écriture",
"διαθήκη, -ης, ἡ",50,"alliance, pacte",
"ἔτος, -ους, τό",50,"an, année",
εὐθέως,50,"aussitôt, tout de suite, immédiatement",
"καινός, -ή, -όν",50,nouveau,
"παραβολή, -ῆς, ἡ",50,parabole,
"πλῆθος, -ους, τό",50,multitude,
"σωτηρία, -ας, ἡ",50,salut,
"φόβος, -ου, ὁ",50,"peur, crainte",
"φυλακή, -ῆς, ἡ",50,"garde, veille, prison",
ἐπερωτάω,51,"demander, interroger",
ἐπιγινώσκω,51,"reconnaître, connaître, apprendre",
ἐρωτάω,51,"demander, prier, solliciter",
"Ἱεροσόλυμα, τά",51,Jérusalem,
"Ἰερουσαλήμ, ἡ",51,Jérusalem,
"μείζων, μείζον",51,(comparatif de μέγας) plus grand,
"πλείων, πλεῖον",51,"(comparatif de πολύς) plus nombreux, la plupart, beaucoup",
συνάγω,51,rassembler,
διέρχομαι,52,"traverser, aller à travers, parcourir",
ἐγγίζω,52,"approcher, s’approcher",
πλανάω,52,tromper; pass. s’égarer,
πράσσω,52,"faire, accomplir",
ἀσθενέω,53,"être faible, malade",
"ἐπιστολή, -ῆς, ἡ",53,"lettre, épître",
"παρρησία, -ας, ἡ",53,"franchise, liberté de language, audace",
"σκότος, -ους, τό",53,"obscurité, ténèbre",
"φυλή, -ῆς, ἡ",53,"tribu, peuple",
ἐπικαλέω,54,"invoquer, nommer, appeler",
καυχάομαι,54,"se vanter, se glorifier",
παραγίνομαι,54,"arriver, paraître (2e aoriste παρεγενόμην)",
"συνείδησις, -εως, ἡ",54,conscience,
συνέρχομαι,54,"aller ensemble, se rencontrer, se réunir",
